WT,Position,MUT,6gen fitness,15gen fitness,Mutate?
F,28,V,-10.86,NA,Y
F,28,H,-9.32,NA,Y
F,28,W,-1.69,4.12,Y
F,28,Y,-1.67,-0.63,Y
H,32,I,-10.3,NA,Y
H,32,D,-10.2,NA,Y
H,32,L,-4.23,0.73,N
H,32,E,-1.49,-0.54,Y
G,35,D,-9.57,NA,Y
G,35,V,-11.6,NA,Y
G,35,S,-3.22,0.24,Y
G,35,A,-1.65,-1.38,Y
H,50,V,-9.87,NA,Y
H,50,N,-10.4,NA,Y
H,50,R,-0.67,0.22,Y
H,50,F,-1.35,-0.46,Y
P,51,A,NA,NA,Y
P,51,E,-9.54,NA,Y
P,51,G,-3.28,-0.38,Y
P,51,L,-5.33,-0.86,N
F,54,K,-10.1,NA,Y
F,54,A,-10.66,NA,Y
F,54,N,-1.51,0.69,Y
F,54,W,-1.35,0.22,Y
N,156,A,-10.5,NA,Y
N,156,R,-11.7,NA,Y
N,156,W,-2.56,0.05,Y
N,156,E,-4.82,0.76,N
F,159,S,-11,NA,Y
F,159,L,-10.8,NA,Y
F,159,Y,-2.18,2.07,N
F,159,W,-0.78,0.45,Y
F,163,I,-9.65,NA,Y
F,163,L,-9.26,NA,Y
F,163,Y,-0.75,0.32,Y
F,163,W,-0.38,0.4,Y